{"loss": [0.9385876059532166, 0.2687891721725464, 0.14747150242328644, 0.09663990139961243, 0.0738258883357048, 0.05868266150355339, 0.04755744710564613, 0.040546104311943054, 0.038084082305431366, 0.030423961579799652], "accuracy": [0.7300803661346436, 0.914560079574585, 0.9505939483642578, 0.9677501916885376, 0.9753751754760742, 0.9807240962982178, 0.9843801259994507, 0.9866420030593872, 0.988121509552002, 0.9902837872505188], "val_loss": [0.464688777923584, 0.5094521045684814, 0.20239980518817902, 0.18791590631008148, 0.21774035692214966, 0.3629799485206604, 0.22916550934314728, 0.2202976644039154, 0.17057470977306366, 0.21732720732688904], "val_accuracy": [0.8525494933128357, 0.8395743370056152, 0.9344980716705322, 0.9419531226158142, 0.9384247660636902, 0.9010926485061646, 0.9390507340431213, 0.9410994648933411, 0.9550421237945557, 0.9501479864120483]}