{"loss": [0.8026785254478455, 0.23430050909519196, 0.1295938938856125, 0.08720071613788605, 0.06764630228281021, 0.0527193658053875, 0.04444383084774017, 0.03753336891531944, 0.03417670726776123, 0.02986798621714115], "accuracy": [0.7631979584693909, 0.9240059852600098, 0.9565829634666443, 0.9713351130485535, 0.9778647422790527, 0.9832989573478699, 0.9855181574821472, 0.987908124923706, 0.9891172647476196, 0.9903549551963806], "val_loss": [0.33320504426956177, 0.25779762864112854, 0.25650036334991455, 0.18107740581035614, 0.2212335467338562, 0.13956473767757416, 0.1699104756116867, 0.1504812240600586, 0.1403958946466446, 0.18011188507080078], "val_accuracy": [0.8947188854217529, 0.9197018146514893, 0.9180514216423035, 0.9463350772857666, 0.9396767616271973, 0.9609606266021729, 0.9540177583694458, 0.9605053663253784, 0.9628385901451111, 0.9569200873374939]}